<?xml version="1.0" encoding="UTF-8"?>
<project-private xmlns="http://www.netbeans.org/ns/project-private/1">
    <editor-bookmarks xmlns="http://www.netbeans.org/ns/editor-bookmarks/2" lastBookmarkId="0"/>
    <open-files xmlns="http://www.netbeans.org/ns/projectui-open-files/2">
        <group>
            <file>file:/Users/nunoboleto/github/javaProjects/Jogo%20-%202048/src/jogo/pkg2048/Board.java</file>
            <file>file:/Users/nunoboleto/github/javaProjects/Jogo%20-%202048/src/jogo/pkg2048/Jogo2048.java</file>
            <file>file:/Users/nunoboleto/github/javaProjects/Jogo%20-%202048/src/jogo/pkg2048/Tile.java</file>
        </group>
    </open-files>
</project-private>
